{
  "model_name": "Ensemble",
  "is_trained": true,
  "training_config": {},
  "metrics": {
    "accuracy": 0.9993333333333333,
    "precision": 1.0,
    "recall": 0.9933333333333333,
    "f1_score": 0.9966555183946488,
    "confusion_matrix": [
      [
        2700,
        0
      ],
      [
        2,
        298
      ]
    ],
    "classification_report": {
      "0": {
        "precision": 0.999259807549963,
        "recall": 1.0,
        "f1-score": 0.9996297667530545,
        "support": 2700.0
      },
      "1": {
        "precision": 1.0,
        "recall": 0.9933333333333333,
        "f1-score": 0.9966555183946488,
        "support": 300.0
      },
      "accuracy": 0.9993333333333333,
      "macro avg": {
        "precision": 0.9996299037749815,
        "recall": 0.9966666666666666,
        "f1-score": 0.9981426425738517,
        "support": 3000.0
      },
      "weighted avg": {
        "precision": 0.9993338267949667,
        "recall": 0.9993333333333333,
        "f1-score": 0.9993323419172139,
        "support": 3000.0
      }
    },
    "roc_auc_score": 0.9999975308641975,
    "average_precision": 0.9999779249448124,
    "model_name": "ensemble"
  }
}