{
  "model_comparison": {
    "logistic_regression": {
      "auc_roc": 0.6499077579517349,
      "average_precision": 0.048786266646542495,
      "precision": 0.0074455899198167235,
      "recall": 0.5531914893617021,
      "f1_score": 0.01469341621927098,
      "cv_auc_mean": 0.684874959081689,
      "cv_auc_std": 0.0336259332054658,
      "training_samples": 40000,
      "confusion_matrix": [
        [
          6487,
          3466
        ],
        [
          21,
          26
        ]
      ]
    },
    "random_forest": {
      "auc_roc": 0.7198620751574956,
      "average_precision": 0.015452486985307505,
      "precision": 0.0,
      "recall": 0.0,
      "f1_score": 0.0,
      "cv_auc_mean": 0.6791926576019798,
      "cv_auc_std": 0.03850850712129387,
      "training_samples": 40000,
      "confusion_matrix": [
        [
          9953,
          0
        ],
        [
          47,
          0
        ]
      ]
    },
    "xgboost": {
      "auc_roc": 0.7132073939002674,
      "average_precision": 0.03878342915101128,
      "precision": 0.0,
      "recall": 0.0,
      "f1_score": 0.0,
      "cv_auc_mean": 0.6722648561531115,
      "cv_auc_std": 0.02036459205650247,
      "training_samples": 40000,
      "confusion_matrix": [
        [
          9953,
          0
        ],
        [
          47,
          0
        ]
      ]
    },
    "lightgbm": {
      "auc_roc": 0.6816334645172738,
      "average_precision": 0.03930938111772024,
      "precision": 0.0,
      "recall": 0.0,
      "f1_score": 0.0,
      "cv_auc_mean": 0.6543888642628385,
      "cv_auc_std": 0.026261809517211687,
      "training_samples": 40000,
      "confusion_matrix": [
        [
          9953,
          0
        ],
        [
          47,
          0
        ]
      ]
    },
    "catboost": {
      "auc_roc": 0.7184298116039001,
      "average_precision": 0.060282749048411306,
      "precision": 0.0,
      "recall": 0.0,
      "f1_score": 0.0,
      "cv_auc_mean": 0.6588458736505391,
      "cv_auc_std": 0.04549979198492002,
      "training_samples": 40000,
      "confusion_matrix": [
        [
          9953,
          0
        ],
        [
          47,
          0
        ]
      ]
    }
  },
  "performance_summary": {
    "average_auc": 0.6966081006261343,
    "best_auc": 0.7198620751574956,
    "model_count": 5,
    "fraud_detection_rates": {
      "logistic_regression": 0.5531914893617021,
      "random_forest": 0.0,
      "xgboost": 0.0,
      "lightgbm": 0.0,
      "catboost": 0.0
    }
  },
  "feature_analysis": {
    "top_features": {
      "Time": {
        "mean_importance": 65.32534991283926,
        "std_importance": 126.85987711150331,
        "max_importance": 319.0,
        "models_count": 5
      },
      "V28": {
        "mean_importance": 54.15833923529093,
        "std_importance": 106.42714055307147,
        "max_importance": 267.0,
        "models_count": 5
      },
      "Amount": {
        "mean_importance": 48.972329732503496,
        "std_importance": 95.52953536071325,
        "max_importance": 240.0,
        "models_count": 5
      },
      "V10": {
        "mean_importance": 48.12717257092119,
        "std_importance": 93.94867454369368,
        "max_importance": 236.0,
        "models_count": 5
      },
      "V27": {
        "mean_importance": 48.03112358916631,
        "std_importance": 93.49907582086622,
        "max_importance": 235.0,
        "models_count": 5
      },
      "V7": {
        "mean_importance": 47.31973276587441,
        "std_importance": 92.3509647937267,
        "max_importance": 232.0,
        "models_count": 5
      },
      "V5": {
        "mean_importance": 45.51840960764974,
        "std_importance": 89.2495778520995,
        "max_importance": 224.0,
        "models_count": 5
      },
      "V21": {
        "mean_importance": 45.41215511288007,
        "std_importance": 88.8057187099969,
        "max_importance": 223.0,
        "models_count": 5
      },
      "V20": {
        "mean_importance": 44.401963950200184,
        "std_importance": 86.81031327487115,
        "max_importance": 218.0,
        "models_count": 5
      },
      "V9": {
        "mean_importance": 42.65646193096039,
        "std_importance": 83.6804376230264,
        "max_importance": 210.0,
        "models_count": 5
      },
      "V25": {
        "mean_importance": 42.44723408167745,
        "std_importance": 82.29414831321375,
        "max_importance": 207.0,
        "models_count": 5
      },
      "V16": {
        "mean_importance": 41.03937624117526,
        "std_importance": 79.99034100618493,
        "max_importance": 201.0,
        "models_count": 5
      },
      "V8": {
        "mean_importance": 40.942934731205106,
        "std_importance": 80.0398053340627,
        "max_importance": 201.0,
        "models_count": 5
      },
      "V3": {
        "mean_importance": 40.87141500833413,
        "std_importance": 80.0727062125651,
        "max_importance": 201.0,
        "models_count": 5
      },
      "V17": {
        "mean_importance": 40.56856008074576,
        "std_importance": 79.22644308023128,
        "max_importance": 199.0,
        "models_count": 5
      }
    },
    "feature_importance_by_model": {
      "logistic_regression": {
        "Time": 0.9471804977485186,
        "Amount": 0.18742286208755485,
        "V1": 0.3853643639898678,
        "V2": 0.367212694858199,
        "V3": 0.206103391768623,
        "V4": 0.41619783454848086,
        "V5": 0.22131901830885536,
        "V6": 0.50853856837515,
        "V7": 0.6866963950923198,
        "V8": 0.11595744230721693,
        "V9": 0.06782525931387483,
        "V10": 0.4978679362635301,
        "V11": 0.23962210995727048,
        "V12": 0.052138849639336494,
        "V13": 0.04825817060099329,
        "V14": 0.38878100152935097,
        "V15": 0.6850246395890017,
        "V16": 0.6654450436861502,
        "V17": 0.3062570967713531,
        "V18": 1.3658655172676104,
        "V19": 0.011656526389802814,
        "V20": 0.2253078264887313,
        "V21": 0.19557690607962558,
        "V22": 0.4014562397699147,
        "V23": 0.304036683488888,
        "V24": 0.2590556922491232,
        "V25": 0.5794303534036033,
        "V26": 0.34751394120722473,
        "V27": 0.6301273056033054,
        "V28": 0.5755502400114783
      },
      "random_forest": {
        "Time": 0.11787072458635171,
        "Amount": 0.06134484100512653,
        "V1": 0.023790654369450177,
        "V2": 0.02850642406357065,
        "V3": 0.032040822597368825,
        "V4": 0.026450717904324156,
        "V5": 0.024607175158800013,
        "V6": 0.025709611830301866,
        "V7": 0.031499263215330225,
        "V8": 0.03030986365607939,
        "V9": 0.03204081648427384,
        "V10": 0.028174825487611424,
        "V11": 0.025647349537028897,
        "V12": 0.02838382613416728,
        "V13": 0.02952463161041278,
        "V14": 0.03674164735025396,
        "V15": 0.025852818433983488,
        "V16": 0.03423213271181284,
        "V17": 0.02808828037355423,
        "V18": 0.02637969355566746,
        "V19": 0.030580014380388206,
        "V20": 0.039216152075464604,
        "V21": 0.02534182889564207,
        "V22": 0.03592960097686784,
        "V23": 0.029442514853047826,
        "V24": 0.030169549738725612,
        "V25": 0.02702006911620629,
        "V26": 0.026350441108313638,
        "V27": 0.032221838772840156,
        "V28": 0.026531870017034026
      },
      "xgboost": {
        "Time": "0.062944345",
        "Amount": "0.045046836",
        "V1": "0.027868582",
        "V2": "0.032724854",
        "V3": "0.035186082",
        "V4": "0.026208986",
        "V5": "0.027468838",
        "V6": "0.024228128",
        "V7": "0.031376302",
        "V8": "0.039126553",
        "V9": "0.029599909",
        "V10": "0.030439246",
        "V11": "0.0217036",
        "V12": "0.033724327",
        "V13": "0.031931642",
        "V14": "0.041066825",
        "V15": "0.035155673",
        "V16": "0.03599059",