{
  "logistic_regression": {
    "Time": 0.9471804977485186,
    "Amount": 0.18742286208755485,
    "V1": 0.3853643639898678,
    "V2": 0.367212694858199,
    "V3": 0.206103391768623,
    "V4": 0.41619783454848086,
    "V5": 0.22131901830885536,
    "V6": 0.50853856837515,
    "V7": 0.6866963950923198,
    "V8": 0.11595744230721693,
    "V9": 0.06782525931387483,
    "V10": 0.4978679362635301,
    "V11": 0.23962210995727048,
    "V12": 0.052138849639336494,
    "V13": 0.04825817060099329,
    "V14": 0.38878100152935097,
    "V15": 0.6850246395890017,
    "V16": 0.6654450436861502,
    "V17": 0.3062570967713531,
    "V18": 1.3658655172676104,
    "V19": 0.011656526389802814,
    "V20": 0.2253078264887313,
    "V21": 0.19557690607962558,
    "V22": 0.4014562397699147,
    "V23": 0.304036683488888,
    "V24": 0.2590556922491232,
    "V25": 0.5794303534036033,
    "V26": 0.34751394120722473,
    "V27": 0.6301273056033054,
    "V28": 0.5755502400114783
  },
  "random_forest": {
    "Time": 0.11787072458635171,
    "Amount": 0.06134484100512653,
    "V1": 0.023790654369450177,
    "V2": 0.02850642406357065,
    "V3": 0.032040822597368825,
    "V4": 0.026450717904324156,
    "V5": 0.024607175158800013,
    "V6": 0.025709611830301866,
    "V7": 0.031499263215330225,
    "V8": 0.03030986365607939,
    "V9": 0.03204081648427384,
    "V10": 0.028174825487611424,
    "V11": 0.025647349537028897,
    "V12": 0.02838382613416728,
    "V13": 0.02952463161041278,
    "V14": 0.03674164735025396,
    "V15": 0.025852818433983488,
    "V16": 0.03423213271181284,
    "V17": 0.02808828037355423,
    "V18": 0.02637969355566746,
    "V19": 0.030580014380388206,
    "V20": 0.039216152075464604,
    "V21": 0.02534182889564207,
    "V22": 0.03592960097686784,
    "V23": 0.029442514853047826,
    "V24": 0.030169549738725612,
    "V25": 0.02702006911620629,
    "V26": 0.026350441108313638,
    "V27": 0.032221838772840156,
    "V28": 0.026531870017034026
  },
  "xgboost": {
    "Time": "0.062944345",
    "Amount": "0.045046836",
    "V1": "0.027868582",
    "V2": "0.032724854",
    "V3": "0.035186082",
    "V4": "0.026208986",
    "V5": "0.027468838",
    "V6": "0.024228128",
    "V7": "0.031376302",
    "V8": "0.039126553",
    "V9": "0.029599909",
    "V10": "0.030439246",
    "V11": "0.0217036",
    "V12": "0.033724327",
    "V13": "0.031931642",
    "V14": "0.041066825",
    "V15": "0.035155673",
    "V16": "0.03599059",
    "V17": "0.031215593",
    "V18": "0.03652098",
    "V19": "0.03838988",
    "V20": "0.034368005",
    "V21": "0.024355255",
    "V22": "0.034905825",
    "V23": "0.030298939",
    "V24": "0.040031828",
    "V25": "0.03242536",
    "V26": "0.025859432",
    "V27": "0.028839095",
    "V28": "0.030998513"
  },
  "lightgbm": {
    "Time": "319",
    "Amount": "240",
    "V1": "142",
    "V2": "180",
    "V3": "201",
    "V4": "181",
    "V5": "224",
    "V6": "157",
    "V7": "232",
    "V8": "201",
    "V9": "210",
    "V10": "236",
    "V11": "162",
    "V12": "197",
    "V13": "160",
    "V14": "188",
    "V15": "157",
    "V16": "201",
    "V17": "199",
    "V18": "175",
    "V19": "187",
    "V20": "218",
    "V21": "223",
    "V22": "196",
    "V23": "177",
    "V24": "161",
    "V25": "207",
    "V26": "162",
    "V27": "235",
    "V28": "267"
  },
  "catboost": {
    "Time": 6.498753996685181,
    "Amount": 4.567834123287017,
    "V1": 2.7370162387894057,
    "V2": 2.5308717953821307,
    "V3": 3.0837447451799624,
    "V4": 2.2838396338315263,
    "V5": 3.318653006983404,
    "V6": 3.10995363370217,
    "V7": 3.849091868822134,
    "V8": 3.529279797420834,
    "V9": 3.1528436702644873,
    "V10": 4.079380846408928,
    "V11": 1.9034287982218232,
    "V12": 3.8093544947528653,
    "V13": 3.0822096034246433,
    "V14": 2.7931602123350765,
    "V15": 2.081878580989207,
    "V16": 3.4612134411113735,
    "V17": 3.4772394333651047,
    "V18": 3.108035310731967,
    "V19": 2.771290457360636,
    "V20": 3.710927767786828,
    "V21": 3.815501574357749,
    "V22": 2.409303786216763,
    "V23": 2.6269011433897385,
    "V24": 3.353717358167768,
    "V25": 4.597294626975981,
    "V26": 2.634234793840581,
    "V27": 4.4644297068911225,
    "V28": 3.158615553323601
  }
}